{"cameraMode":{"drawMode":0,"name":"Shaded","section":"Shading Mode"},"sceneLighting":false,"audioPlay":false,"sceneViewState":{"m_AlwaysRefresh":false,"showFog":true,"showSkybox":false,"showFlares":true,"showImageEffects":true,"showParticleSystems":true,"showVisualEffectGraphs":true,"m_FxEnabled":true},"in2DMode":false,"pivot":{"x":0.16066408157348634,"y":1.6555933952331544,"z":0.1476069688796997},"rotation":{"x":-0.1311483383178711,"y":-0.8631312847137451,"z":0.28731250762939455,"w":-0.3941878080368042},"size":2.927380323410034,"orthographic":false}