{"cameraMode":{"drawMode":0,"name":"Shaded","section":"Shading Mode"},"sceneLighting":false,"audioPlay":false,"sceneViewState":{"m_AlwaysRefresh":false,"showFog":true,"showSkybox":false,"showFlares":true,"showImageEffects":true,"showParticleSystems":true,"showVisualEffectGraphs":true,"m_FxEnabled":true},"in2DMode":false,"pivot":{"x":-0.002026855945587158,"y":0.8609656095504761,"z":0.0060537755489349369},"rotation":{"x":-0.11674845963716507,"y":-0.8130262494087219,"z":0.17484928667545319,"w":-0.5430673956871033},"size":1.2098637819290162,"orthographic":false}