{"cameraMode":{"drawMode":0,"name":"Shaded","section":"Shading Mode"},"sceneLighting":false,"audioPlay":false,"sceneViewState":{"m_AlwaysRefresh":false,"showFog":true,"showSkybox":false,"showFlares":true,"showImageEffects":true,"showParticleSystems":true,"showVisualEffectGraphs":true,"m_FxEnabled":true},"in2DMode":false,"pivot":{"x":-0.017586231231689454,"y":4.467286109924316,"z":1.415926218032837},"rotation":{"x":-0.009353270754218102,"y":-0.9732908606529236,"z":0.22615543007850648,"w":-0.0403074286878109},"size":5.251053333282471,"orthographic":false}