{"cameraMode":{"drawMode":0,"name":"Shaded","section":"Shading Mode"},"sceneLighting":true,"audioPlay":false,"sceneViewState":{"m_AlwaysRefresh":false,"showFog":true,"showSkybox":true,"showFlares":true,"showImageEffects":true,"showParticleSystems":true,"showVisualEffectGraphs":true,"m_FxEnabled":true},"in2DMode":false,"pivot":{"x":27.57136344909668,"y":-9.937990188598633,"z":96.89691162109375},"rotation":{"x":0.02806157059967518,"y":-0.9696125984191895,"z":0.13500022888183595,"w":0.20275160670280457},"size":31.198335647583009,"orthographic":false}