{"cameraMode":{"drawMode":0,"name":"Shaded","section":"Shading Mode"},"sceneLighting":true,"audioPlay":false,"sceneViewState":{"m_AlwaysRefresh":false,"showFog":true,"showSkybox":true,"showFlares":true,"showImageEffects":true,"showParticleSystems":true,"showVisualEffectGraphs":true,"m_FxEnabled":true},"in2DMode":false,"pivot":{"x":32.04765701293945,"y":-10.982928276062012,"z":83.4520492553711},"rotation":{"x":0.0016988103743642569,"y":-0.986636757850647,"z":0.16308265924453736,"w":0.010987859219312668},"size":31.644174575805665,"orthographic":false}