{"cameraMode":{"drawMode":0,"name":"Shaded","section":"Shading Mode"},"sceneLighting":true,"audioPlay":false,"sceneViewState":{"m_AlwaysRefresh":false,"showFog":true,"showSkybox":true,"showFlares":true,"showImageEffects":true,"showParticleSystems":true,"showVisualEffectGraphs":true,"m_FxEnabled":true},"in2DMode":false,"pivot":{"x":-23.934959411621095,"y":-0.7292623519897461,"z":138.69781494140626},"rotation":{"x":-0.08305171132087708,"y":0.35006463527679446,"z":-0.03114175796508789,"w":-0.9325798153877258},"size":35.12117385864258,"orthographic":false}