{"cameraMode":{"drawMode":0,"name":"Shaded","section":"Shading Mode"},"sceneLighting":true,"audioPlay":false,"sceneViewState":{"m_AlwaysRefresh":false,"showFog":true,"showSkybox":true,"showFlares":true,"showImageEffects":true,"showParticleSystems":true,"showVisualEffectGraphs":true,"m_FxEnabled":true},"in2DMode":false,"pivot":{"x":-5.982513427734375,"y":-10.48820686340332,"z":164.53005981445313},"rotation":{"x":-0.11356747150421143,"y":0.40516307950019839,"z":-0.051023662090301517,"w":-0.9059027433395386},"size":31.198335647583009,"orthographic":false}