{"cameraMode":{"drawMode":0,"name":"Shaded","section":"Shading Mode"},"sceneLighting":true,"audioPlay":false,"sceneViewState":{"m_AlwaysRefresh":false,"showFog":true,"showSkybox":true,"showFlares":true,"showImageEffects":true,"showParticleSystems":true,"showVisualEffectGraphs":true,"m_FxEnabled":true},"in2DMode":false,"pivot":{"x":4.2438507080078129,"y":-14.091751098632813,"z":-117.53297424316406},"rotation":{"x":-0.06494618952274323,"y":-0.8725981712341309,"z":0.12299627810716629,"w":-0.4688475430011749},"size":116.57029724121094,"orthographic":false}