{"cameraMode":{"drawMode":0,"name":"Shaded","section":"Shading Mode"},"sceneLighting":true,"audioPlay":false,"sceneViewState":{"m_AlwaysRefresh":false,"showFog":true,"showSkybox":true,"showFlares":true,"showImageEffects":true,"showParticleSystems":true,"showVisualEffectGraphs":true,"m_FxEnabled":true},"in2DMode":false,"pivot":{"x":-120.13802337646485,"y":19.38317108154297,"z":12.699953079223633},"rotation":{"x":-0.00395181542262435,"y":-0.9894646406173706,"z":0.14227336645126344,"w":-0.027293028309941293},"size":1.957505464553833,"orthographic":false}