{"cameraMode":{"drawMode":0,"name":"Shaded","section":"Shading Mode"},"sceneLighting":true,"audioPlay":false,"sceneViewState":{"m_AlwaysRefresh":false,"showFog":true,"showSkybox":true,"showFlares":true,"showImageEffects":true,"showParticleSystems":true,"showVisualEffectGraphs":true,"m_FxEnabled":true},"in2DMode":false,"pivot":{"x":-21.864805221557618,"y":1.8924146890640259,"z":74.25828552246094},"rotation":{"x":0.004196753725409508,"y":-0.9921892881393433,"z":0.11963704973459244,"w":0.03483352065086365},"size":1.9100278615951539,"orthographic":false}