{"cameraMode":{"drawMode":0,"name":"Shaded","section":"Shading Mode"},"sceneLighting":false,"audioPlay":false,"sceneViewState":{"m_AlwaysRefresh":false,"showFog":true,"showSkybox":false,"showFlares":true,"showImageEffects":true,"showParticleSystems":true,"showVisualEffectGraphs":true,"m_FxEnabled":true},"in2DMode":false,"pivot":{"x":-0.0039196014404296879,"y":2.8146438598632814,"z":0.13216710090637208},"rotation":{"x":-0.009353270754218102,"y":-0.9732908606529236,"z":0.22615543007850648,"w":-0.0403074286878109},"size":5.100733280181885,"orthographic":false}