{"cameraMode":{"drawMode":0,"name":"Shaded","section":"Shading Mode"},"sceneLighting":false,"audioPlay":false,"sceneViewState":{"m_AlwaysRefresh":false,"showFog":true,"showSkybox":false,"showFlares":true,"showImageEffects":true,"showParticleSystems":true,"showVisualEffectGraphs":true,"m_FxEnabled":true},"in2DMode":false,"pivot":{"x":-0.1461406946182251,"y":0.434944212436676,"z":-0.17035585641860963},"rotation":{"x":0.11158904433250427,"y":0.8881653547286987,"z":-0.3270329535007477,"w":0.30302417278289797},"size":0.6973543763160706,"orthographic":false}