{"cameraMode":{"drawMode":0,"name":"Shaded","section":"Shading Mode"},"sceneLighting":false,"audioPlay":false,"sceneViewState":{"m_AlwaysRefresh":false,"showFog":true,"showSkybox":false,"showFlares":true,"showImageEffects":true,"showParticleSystems":true,"showVisualEffectGraphs":true,"m_FxEnabled":true},"in2DMode":false,"pivot":{"x":0.23013432323932649,"y":0.7846403121948242,"z":-0.2674178183078766},"rotation":{"x":0.0012463664170354605,"y":-0.998392641544342,"z":0.05127199739217758,"w":0.024257326498627664},"size":1.1016249656677247,"orthographic":false}