{"cameraMode":{"drawMode":0,"name":"Shaded","section":"Shading Mode"},"sceneLighting":false,"audioPlay":false,"sceneViewState":{"m_AlwaysRefresh":false,"showFog":false,"showSkybox":false,"showFlares":false,"showImageEffects":false,"showParticleSystems":false,"showVisualEffectGraphs":true,"m_FxEnabled":true},"in2DMode":false,"pivot":{"x":0.5304595828056336,"y":0.8534491062164307,"z":0.06531643867492676},"rotation":{"x":-0.022235719487071039,"y":0.7383994460105896,"z":-0.02437576837837696,"w":-0.6735489368438721},"size":0.08660254627466202,"orthographic":false}