{"cameraMode":{"drawMode":0,"name":"Shaded","section":"Shading Mode"},"sceneLighting":true,"audioPlay":false,"sceneViewState":{"m_AlwaysRefresh":false,"showFog":false,"showSkybox":false,"showFlares":false,"showImageEffects":false,"showParticleSystems":false,"showVisualEffectGraphs":true,"m_FxEnabled":true},"in2DMode":false,"pivot":{"x":24.587467193603517,"y":6.417858600616455,"z":111.16230773925781},"rotation":{"x":-0.09040707349777222,"y":0.14438030123710633,"z":0.013247541151940823,"w":0.9852935075759888},"size":13.93658447265625,"orthographic":false}