{"cameraMode":{"drawMode":0,"name":"Shaded","section":"Shading Mode"},"sceneLighting":true,"audioPlay":false,"sceneViewState":{"m_AlwaysRefresh":false,"showFog":false,"showSkybox":false,"showFlares":false,"showImageEffects":false,"showParticleSystems":false,"showVisualEffectGraphs":true,"m_FxEnabled":true},"in2DMode":false,"pivot":{"x":0.14914458990097047,"y":3.9177732467651369,"z":21.7147216796875},"rotation":{"x":-0.005763448774814606,"y":-0.27827054262161257,"z":-0.001670562312938273,"w":0.9604809880256653},"size":7.566045761108398,"orthographic":false}