{"cameraMode":{"drawMode":0,"name":"Shaded","section":"Shading Mode"},"sceneLighting":true,"audioPlay":false,"sceneViewState":{"m_AlwaysRefresh":false,"showFog":false,"showSkybox":false,"showFlares":false,"showImageEffects":false,"showParticleSystems":false,"showVisualEffectGraphs":true,"m_FxEnabled":true},"in2DMode":false,"pivot":{"x":-0.17000575363636018,"y":4.203708648681641,"z":15.866890907287598},"rotation":{"x":-0.1783704310655594,"y":0.08430640399456024,"z":-0.015339457429945469,"w":-0.9802191853523254},"size":1.5228203535079957,"orthographic":false}