{"cameraMode":{"drawMode":0,"name":"Shaded","section":"Shading Mode"},"sceneLighting":true,"audioPlay":false,"sceneViewState":{"m_AlwaysRefresh":false,"showFog":false,"showSkybox":false,"showFlares":false,"showImageEffects":false,"showParticleSystems":false,"showVisualEffectGraphs":true,"m_FxEnabled":true},"in2DMode":false,"pivot":{"x":0.7225751876831055,"y":4.957396507263184,"z":16.059894561767579},"rotation":{"x":-0.0523572638630867,"y":-0.06706012785434723,"z":0.0035256242845207454,"w":-0.9963614344596863},"size":1.5228203535079957,"orthographic":false}