{"cameraMode":{"drawMode":0,"name":"Shaded","section":"Shading Mode"},"sceneLighting":false,"audioPlay":false,"sceneViewState":{"m_AlwaysRefresh":false,"showFog":true,"showSkybox":false,"showFlares":true,"showImageEffects":true,"showParticleSystems":true,"showVisualEffectGraphs":true,"m_FxEnabled":true},"in2DMode":false,"pivot":{"x":0.06978070735931397,"y":0.8386800289154053,"z":-0.6016983985900879},"rotation":{"x":0.15045835077762605,"y":0.8471008539199829,"z":-0.323506236076355,"w":0.3939407765865326},"size":3.5397236347198488,"orthographic":false}