{"cameraMode":{"drawMode":0,"name":"Shaded","section":"Shading Mode"},"sceneLighting":false,"audioPlay":false,"sceneViewState":{"m_AlwaysRefresh":false,"showFog":true,"showSkybox":false,"showFlares":true,"showImageEffects":true,"showParticleSystems":true,"showVisualEffectGraphs":true,"m_FxEnabled":true},"in2DMode":false,"pivot":{"x":0.006611883640289307,"y":0.3721243739128113,"z":-0.15436577796936036},"rotation":{"x":-0.009353270754218102,"y":-0.9732908606529236,"z":0.22615543007850648,"w":-0.0403074286878109},"size":1.6880500316619874,"orthographic":false}