{"cameraMode":{"drawMode":0,"name":"Shaded","section":"Shading Mode"},"sceneLighting":false,"audioPlay":false,"sceneViewState":{"m_AlwaysRefresh":false,"showFog":true,"showSkybox":false,"showFlares":true,"showImageEffects":true,"showParticleSystems":true,"showVisualEffectGraphs":true,"m_FxEnabled":true},"in2DMode":false,"pivot":{"x":-0.009847640991210938,"y":3.8518972396850588,"z":1.1419899463653565},"rotation":{"x":-0.009353270754218102,"y":-0.9732908606529236,"z":0.22615543007850648,"w":-0.0403074286878109},"size":7.021031856536865,"orthographic":false}