{"cameraMode":{"drawMode":0,"name":"Shaded","section":"Shading Mode"},"sceneLighting":false,"audioPlay":false,"sceneViewState":{"m_AlwaysRefresh":false,"showFog":false,"showSkybox":false,"showFlares":false,"showImageEffects":false,"showParticleSystems":false,"showVisualEffectGraphs":true,"m_FxEnabled":true},"in2DMode":false,"pivot":{"x":-0.0016272440552711487,"y":0.034173451364040378,"z":0.42591363191604617},"rotation":{"x":-0.24912700057029725,"y":0.6857092976570129,"z":-0.2722923755645752,"w":-0.6273725032806397},"size":0.442155122756958,"orthographic":false}