{"cameraMode":{"drawMode":0,"name":"Shaded","section":"Shading Mode"},"sceneLighting":false,"audioPlay":false,"sceneViewState":{"m_AlwaysRefresh":false,"showFog":true,"showSkybox":false,"showFlares":true,"showImageEffects":true,"showParticleSystems":true,"showVisualEffectGraphs":true,"m_FxEnabled":true},"in2DMode":false,"pivot":{"x":0.5785296559333801,"y":1.3609848022460938,"z":-0.005376100540161133},"rotation":{"x":-0.030507853254675866,"y":-0.9561318159103394,"z":0.2711184024810791,"w":-0.10741270333528519},"size":2.1821513175964357,"orthographic":false}