{"cameraMode":{"drawMode":0,"name":"Shaded","section":"Shading Mode"},"sceneLighting":false,"audioPlay":false,"sceneViewState":{"showFog":false,"showMaterialUpdate":false,"showSkybox":false,"showFlares":false,"showImageEffects":false,"showParticleSystems":false},"in2DMode":false,"pivot":{"x":-1.5740000009536744,"y":6.128274917602539,"z":8.425999641418457},"rotation":{"x":0.14024494588375092,"y":-0.2510182559490204,"z":0.03678262606263161,"w":0.9570711851119995},"size":6.797820568084717,"orthographic":true}