{"cameraMode":{"drawMode":0,"name":"Shaded","section":"Shading Mode"},"sceneLighting":false,"audioPlay":false,"sceneViewState":{"showFog":false,"showMaterialUpdate":false,"showSkybox":false,"showFlares":false,"showImageEffects":false,"showParticleSystems":false},"in2DMode":false,"pivot":{"x":4.683099746704102,"y":4.381313323974609,"z":8.316901206970215},"rotation":{"x":0.3353556990623474,"y":-0.27539128065109255,"z":0.10318854451179505,"w":0.8950202465057373},"size":12.410012245178223,"orthographic":true}