{"cameraMode":{"drawMode":0,"name":"Shaded","section":"Shading Mode"},"sceneLighting":false,"audioPlay":false,"sceneViewState":{"showFog":false,"showMaterialUpdate":false,"showSkybox":false,"showFlares":false,"showImageEffects":false,"showParticleSystems":false},"in2DMode":false,"pivot":{"x":1.0553340911865235,"y":2.615574598312378,"z":10.63442611694336},"rotation":{"x":0.1335562765598297,"y":-0.2755753993988037,"z":0.03869437053799629,"w":0.9511751532554627},"size":4.5068840980529789,"orthographic":true}