{"cameraMode":{"drawMode":0,"name":"Shaded","section":"Shading Mode"},"sceneLighting":false,"audioPlay":false,"sceneViewState":{"showFog":false,"showMaterialUpdate":false,"showSkybox":false,"showFlares":false,"showImageEffects":false,"showParticleSystems":false},"in2DMode":false,"pivot":{"x":0.8620004653930664,"y":4.899999618530273,"z":8.480999946594239},"rotation":{"x":0.1335562765598297,"y":-0.2755753993988037,"z":0.03869437053799629,"w":0.9511751532554627},"size":7.461176872253418,"orthographic":true}