{"cameraMode":{"drawMode":0,"name":"Shaded","section":"Shading Mode"},"sceneLighting":false,"audioPlay":false,"sceneViewState":{"showFog":false,"showMaterialUpdate":false,"showSkybox":false,"showFlares":false,"showImageEffects":false,"showParticleSystems":false},"in2DMode":false,"pivot":{"x":1.5,"y":0.5560000538825989,"z":7.114999771118164},"rotation":{"x":0.040919411927461627,"y":-0.6252092123031616,"z":0.03285342454910278,"w":0.7786988615989685},"size":5.080212593078613,"orthographic":true}