{"cameraMode":{"drawMode":0,"name":"Shaded","section":"Shading Mode"},"sceneLighting":false,"audioPlay":false,"sceneViewState":{"m_AlwaysRefresh":false,"showFog":true,"showSkybox":false,"showFlares":true,"showImageEffects":true,"showParticleSystems":true,"showVisualEffectGraphs":true,"m_FxEnabled":true},"in2DMode":false,"pivot":{"x":0.06814667582511902,"y":0.9101945161819458,"z":0.2590242326259613},"rotation":{"x":-0.014008813537657261,"y":-0.951619029045105,"z":0.30410364270210268,"w":-0.043681710958480838},"size":1.442445993423462,"orthographic":false}